CHAIN_ID, CLIENT (STATUS), CONNECTION, CHANNEL, PORT, COUNTERPARTY_CHAIN, COUNTERPARTY_CLIENT, COUNTERPARTY_CONNECTION, COUNTERPARTY_CHANNEL, COUNTERPARTY_PORT
injective-1, 07-tendermint-3 (Expired), connection-1, channel-0, transfer, cosmoshub-4, 07-tendermint-444, connection-376, channel-211, transfer
injective-1, 07-tendermint-5 (Active), connection-2, channel-1, transfer, cosmoshub-4, 07-tendermint-470, connection-388, channel-220, transfer
injective-1, 07-tendermint-5 (Active), connection-2, channel-342, wasm.inj1dd8htv4v9kr0xhty9kg7hnsmlmy2zk8uxkamnd, cosmoshub-4, 07-tendermint-470, connection-388, channel-989, wasm.cosmos1utve8x4s2jq8wua78mtagwusyu0u64ldlx9sc8pff00077rhqwdswlqs87
injective-1, 07-tendermint-5 (Active), connection-2, channel-407, wasm.inj193lcenknetk7ugaxpn43kfynz9x224c5rxesdn, cosmoshub-4, 07-tendermint-470, connection-388, channel-1274, wasm.cosmos1mh78fknad9p70fy957c5wu3whg00s075rvkk5d7hgy80amxju44sjgzyqm
injective-1, 07-tendermint-5 (Active), connection-2, channel-410, wasm.inj1vjg4akc529zzl8qdzmm0yanq8nt9xl5jwuhv2f, cosmoshub-4, 07-tendermint-470, connection-388, channel-1280, wasm.cosmos139g6s47twd4f8pkhpdf765uv8mpjvr6luqdv2vg8l4eh9p9z3twsh4l98s
injective-1, 07-tendermint-6 (Expired), connection-3, channel-2, transfer, laozi-mainnet, 07-tendermint-6, connection-4, channel-4, transfer
injective-1, 07-tendermint-9 (Expired), connection-6, channel-3, oracle, laozi-mainnet, 07-tendermint-12, connection-10, channel-7, oracle
injective-1, 07-tendermint-10 (Expired), connection-7, channel-4, transfer, columbus-5, 07-tendermint-29, connection-30, channel-17, transfer
injective-1, 07-tendermint-11 (Expired), connection-8, channel-5, transfer, osmosis-1, 07-tendermint-1617, connection-1269, channel-109, transfer
injective-1, 07-tendermint-14 (Expired), connection-11, channel-6, transfer, osmosis-1, 07-tendermint-1673, connection-1285, channel-118, transfer
injective-1, 07-tendermint-18 (Expired), connection-13, channel-7, oracle, laozi-mainnet, 07-tendermint-18, connection-15, channel-10, oracle
injective-1, 07-tendermint-19 (Active), connection-14, channel-266, wasm.inj1kt7anwm5wy9e8grq04z46z08yqd49ewq97g8f0, osmosis-1, 07-tendermint-1703, connection-1298, channel-73927, wasm.osmo16passct926eern05hzuf46g9809cvavhxv9qw9rm5wnu9fk0gfxs2v37x7
injective-1, 07-tendermint-19 (Active), connection-14, channel-291, wasm.inj10fxuwynmp9jtuumq27cuw0lw5quajpgxw692g5, osmosis-1, 07-tendermint-1703, connection-1298, channel-77129, wasm.osmo1zc4fdqwswxxwp9rqh9uq3crs5ykerzn2rptsznawsq7wp6jyhj0qddwey7
injective-1, 07-tendermint-19 (Active), connection-14, channel-295, wasm.inj10fxuwynmp9jtuumq27cuw0lw5quajpgxw692g5, osmosis-1, 07-tendermint-1703, connection-1298, channel-77130, wasm.osmo1zc4fdqwswxxwp9rqh9uq3crs5ykerzn2rptsznawsq7wp6jyhj0qddwey7
injective-1, 07-tendermint-19 (Active), connection-14, channel-297, wasm.inj10fxuwynmp9jtuumq27cuw0lw5quajpgxw692g5, osmosis-1, 07-tendermint-1703, connection-1298, channel-77131, wasm.osmo1zc4fdqwswxxwp9rqh9uq3crs5ykerzn2rptsznawsq7wp6jyhj0qddwey7
injective-1, 07-tendermint-19 (Active), connection-14, channel-299, wasm.inj10fxuwynmp9jtuumq27cuw0lw5quajpgxw692g5, osmosis-1, 07-tendermint-1703, connection-1298, channel-77132, wasm.osmo1zc4fdqwswxxwp9rqh9uq3crs5ykerzn2rptsznawsq7wp6jyhj0qddwey7
injective-1, 07-tendermint-19 (Active), connection-14, channel-301, wasm.inj10fxuwynmp9jtuumq27cuw0lw5quajpgxw692g5, osmosis-1, 07-tendermint-1703, connection-1298, channel-77133, wasm.osmo1zc4fdqwswxxwp9rqh9uq3crs5ykerzn2rptsznawsq7wp6jyhj0qddwey7
injective-1, 07-tendermint-19 (Active), connection-14, channel-316, wasm.inj193lcenknetk7ugaxpn43kfynz9x224c5rxesdn, osmosis-1, 07-tendermint-1703, connection-1298, channel-78566, wasm.osmo10vzkd8pyme67z38epdr3gf027y03dxq7t8vau5fp3r28vxks7mwse02j8f
injective-1, 07-tendermint-19 (Active), connection-14, channel-419, wasm.inj1vjg4akc529zzl8qdzmm0yanq8nt9xl5jwuhv2f, osmosis-1, 07-tendermint-1703, connection-1298, channel-93026, wasm.osmo1q8luvv2yj5muxhur5ps5wvx0rqr20j70z6fjkxw3x9mgvrep02uq0wjzx8
injective-1, 07-tendermint-19 (Active), connection-14, channel-8, transfer, osmosis-1, 07-tendermint-1703, connection-1298, channel-122, transfer
injective-1, 07-tendermint-21 (Expired), connection-16, channel-9, oracle, laozi-mainnet, 07-tendermint-23, connection-22, channel-13, oracle
injective-1, 07-tendermint-22 (Expired), connection-17, channel-10, oracle, laozi-mainnet, 07-tendermint-24, connection-23, channel-14, oracle
injective-1, 07-tendermint-23 (Expired), connection-18, channel-11, oracle, laozi-mainnet, 07-tendermint-25, connection-24, channel-15, oracle
injective-1, 07-tendermint-24 (Expired), connection-19, channel-12, oracle, laozi-mainnet, 07-tendermint-26, connection-25, channel-16, oracle
injective-1, 07-tendermint-25 (Expired), connection-20, channel-13, oracle, laozi-mainnet, 07-tendermint-27, connection-26, channel-17, oracle
injective-1, 07-tendermint-26 (Expired), connection-21, channel-14, oracle, laozi-mainnet, 07-tendermint-28, connection-27, channel-18, oracle
injective-1, 07-tendermint-27 (Expired), connection-22, channel-15, oracle, laozi-mainnet, 07-tendermint-29, connection-28, channel-19, oracle
injective-1, 07-tendermint-28 (Expired), connection-23, channel-16, oracle, laozi-mainnet, 07-tendermint-30, connection-29, channel-20, oracle
injective-1, 07-tendermint-29 (Expired), connection-24, channel-17, oracle, laozi-mainnet, 07-tendermint-31, connection-30, channel-21, oracle
injective-1, 07-tendermint-30 (Expired), connection-25, channel-18, oracle, laozi-mainnet, 07-tendermint-32, connection-31, channel-22, oracle
injective-1, 07-tendermint-31 (Expired), connection-26, channel-19, oracle, laozi-mainnet, 07-tendermint-33, connection-32, channel-23, oracle
injective-1, 07-tendermint-32 (Expired), connection-27, channel-20, oracle, laozi-mainnet, 07-tendermint-34, connection-33, channel-24, oracle
injective-1, 07-tendermint-33 (Expired), connection-28, channel-21, oracle, laozi-mainnet, 07-tendermint-35, connection-34, channel-25, oracle
injective-1, 07-tendermint-34 (Expired), connection-29, channel-22, oracle, laozi-mainnet, 07-tendermint-36, connection-35, channel-26, oracle
injective-1, 07-tendermint-35 (Expired), connection-30, channel-23, oracle, laozi-mainnet, 07-tendermint-37, connection-36, channel-27, oracle
injective-1, 07-tendermint-36 (Expired), connection-31, channel-24, oracle, laozi-mainnet, 07-tendermint-38, connection-37, channel-28, oracle
injective-1, 07-tendermint-37 (Expired), connection-32, channel-25, oracle, laozi-mainnet, 07-tendermint-39, connection-38, channel-29, oracle
injective-1, 07-tendermint-38 (Expired), connection-33, channel-26, oracle, laozi-mainnet, 07-tendermint-40, connection-39, channel-30, oracle
injective-1, 07-tendermint-39 (Expired), connection-34, channel-27, oracle, laozi-mainnet, 07-tendermint-41, connection-40, channel-31, oracle
injective-1, 07-tendermint-40 (Expired), connection-35, channel-28, oracle, laozi-mainnet, 07-tendermint-42, connection-41, channel-32, oracle
injective-1, 07-tendermint-41 (Expired), connection-36, channel-29, oracle, laozi-mainnet, 07-tendermint-43, connection-42, channel-33, oracle
injective-1, 07-tendermint-42 (Expired), connection-37, channel-30, oracle, laozi-mainnet, 07-tendermint-44, connection-43, channel-35, oracle
injective-1, 07-tendermint-43 (Expired), connection-38, channel-31, oracle, laozi-mainnet, 07-tendermint-45, connection-44, channel-36, oracle
injective-1, 07-tendermint-44 (Expired), connection-39, channel-32, oracle, laozi-mainnet, 07-tendermint-46, connection-45, channel-37, oracle
injective-1, 07-tendermint-45 (Expired), connection-40, channel-33, oracle, laozi-mainnet, 07-tendermint-47, connection-46, channel-38, oracle
injective-1, 07-tendermint-46 (Expired), connection-41, channel-34, oracle, laozi-mainnet, 07-tendermint-48, connection-47, channel-39, oracle
injective-1, 07-tendermint-48 (Expired), connection-42, channel-35, oracle, laozi-mainnet, 07-tendermint-50, connection-48, channel-40, oracle
injective-1, 07-tendermint-49 (Expired), connection-43, channel-36, oracle, laozi-mainnet, 07-tendermint-51, connection-49, channel-41, oracle
injective-1, 07-tendermint-50 (Expired), connection-44, channel-37, oracle, laozi-mainnet, 07-tendermint-52, connection-50, channel-42, oracle
injective-1, 07-tendermint-51 (Expired), connection-45, channel-38, oracle, laozi-mainnet, 07-tendermint-53, connection-51, channel-43, oracle
injective-1, 07-tendermint-52 (Expired), connection-46, channel-39, oracle, laozi-mainnet, 07-tendermint-54, connection-53, channel-44, oracle
injective-1, 07-tendermint-53 (Expired), connection-47, channel-40, oracle, laozi-mainnet, 07-tendermint-55, connection-54, channel-45, oracle
injective-1, 07-tendermint-54 (Expired), connection-48, channel-41, oracle, laozi-mainnet, 07-tendermint-56, connection-55, channel-46, oracle
injective-1, 07-tendermint-55 (Expired), connection-49, channel-42, oracle, laozi-mainnet, 07-tendermint-57, connection-56, channel-47, oracle
injective-1, 07-tendermint-56 (Expired), connection-50, channel-43, oracle, laozi-mainnet, 07-tendermint-58, connection-57, channel-48, oracle
injective-1, 07-tendermint-57 (Expired), connection-51, channel-44, oracle, laozi-mainnet, 07-tendermint-59, connection-59, channel-50, oracle
injective-1, 07-tendermint-58 (Expired), connection-52, channel-45, oracle, laozi-mainnet, 07-tendermint-60, connection-60, channel-51, oracle
injective-1, 07-tendermint-59 (Expired), connection-53, channel-46, oracle, laozi-mainnet, 07-tendermint-61, connection-61, channel-52, oracle
injective-1, 07-tendermint-60 (Expired), connection-54, channel-47, oracle, laozi-mainnet, 07-tendermint-62, connection-62, channel-54, oracle
injective-1, 07-tendermint-61 (Expired), connection-55, channel-48, oracle, laozi-mainnet, 07-tendermint-63, connection-63, channel-55, oracle
injective-1, 07-tendermint-62 (Expired), connection-56, channel-49, oracle, laozi-mainnet, 07-tendermint-64, connection-64, channel-56, oracle
injective-1, 07-tendermint-63 (Expired), connection-57, channel-50, oracle, laozi-mainnet, 07-tendermint-65, connection-65, channel-57, oracle
injective-1, 07-tendermint-64 (Expired), connection-58, channel-51, oracle, laozi-mainnet, 07-tendermint-66, connection-66, channel-58, oracle
injective-1, 07-tendermint-65 (Expired), connection-59, channel-52, oracle, laozi-mainnet, 07-tendermint-67, connection-67, channel-59, oracle
injective-1, 07-tendermint-66 (Expired), connection-60, channel-53, oracle, laozi-mainnet, 07-tendermint-68, connection-68, channel-60, oracle
injective-1, 07-tendermint-67 (Expired), connection-61, channel-54, oracle, laozi-mainnet, 07-tendermint-69, connection-69, channel-61, oracle
injective-1, 07-tendermint-68 (Expired), connection-62, channel-55, oracle, laozi-mainnet, 07-tendermint-70, connection-70, channel-63, oracle
injective-1, 07-tendermint-69 (Expired), connection-63, channel-56, oracle, laozi-mainnet, 07-tendermint-71, connection-71, channel-64, oracle
injective-1, 07-tendermint-70 (Expired), connection-64, channel-57, oracle, laozi-mainnet, 07-tendermint-72, connection-72, channel-65, oracle
injective-1, 07-tendermint-71 (Expired), connection-65, channel-58, oracle, laozi-mainnet, 07-tendermint-73, connection-73, channel-66, oracle
injective-1, 07-tendermint-72 (Expired), connection-66, channel-59, oracle, laozi-mainnet, 07-tendermint-74, connection-74, channel-67, oracle
injective-1, 07-tendermint-73 (Expired), connection-67, channel-60, oracle, laozi-mainnet, 07-tendermint-75, connection-75, channel-68, oracle
injective-1, 07-tendermint-74 (Expired), connection-68, channel-61, oracle, laozi-mainnet, 07-tendermint-76, connection-76, channel-69, oracle
injective-1, 07-tendermint-75 (Expired), connection-69, channel-62, oracle, laozi-mainnet, 07-tendermint-77, connection-77, channel-70, oracle
injective-1, 07-tendermint-76 (Expired), connection-70, channel-63, oracle, laozi-mainnet, 07-tendermint-78, connection-78, channel-71, oracle
injective-1, 07-tendermint-77 (Expired), connection-71, channel-64, oracle, laozi-mainnet, 07-tendermint-79, connection-79, channel-72, oracle
injective-1, 07-tendermint-78 (Expired), connection-72, channel-65, oracle, laozi-mainnet, 07-tendermint-80, connection-80, channel-73, oracle
injective-1, 07-tendermint-80 (Expired), connection-73, channel-66, oracle, laozi-mainnet, 07-tendermint-82, connection-81, channel-74, oracle
injective-1, 07-tendermint-82 (Expired), connection-74, channel-67, oracle, laozi-mainnet, 07-tendermint-84, connection-82, channel-75, oracle
injective-1, 07-tendermint-83 (Expired), connection-75, channel-68, oracle, laozi-mainnet, 07-tendermint-85, connection-83, channel-76, oracle
injective-1, 07-tendermint-84 (Expired), connection-76, channel-69, oracle, laozi-mainnet, 07-tendermint-86, connection-84, channel-77, oracle
injective-1, 07-tendermint-85 (Expired), connection-77, channel-70, oracle, laozi-mainnet, 07-tendermint-87, connection-85, channel-78, oracle
injective-1, 07-tendermint-86 (Expired), connection-78, channel-71, oracle, laozi-mainnet, 07-tendermint-88, connection-86, channel-79, oracle
injective-1, 07-tendermint-89 (Expired), connection-80, channel-72, oracle, laozi-mainnet, 07-tendermint-90, connection-88, channel-80, oracle
injective-1, 07-tendermint-90 (Expired), connection-81, channel-73, oracle, laozi-mainnet, 07-tendermint-91, connection-89, channel-81, oracle
injective-1, 07-tendermint-97 (Expired), connection-83, channel-74, transfer, secret-4, 07-tendermint-22, connection-8, channel-7, transfer
injective-1, 07-tendermint-98 (Expired), connection-84, channel-75, oracle, laozi-mainnet, 07-tendermint-95, connection-92, channel-84, oracle
injective-1, 07-tendermint-99 (Expired), connection-85, channel-76, transfer, chihuahua-1, 07-tendermint-55, connection-31, channel-12, transfer
injective-1, 07-tendermint-100 (Expired), connection-86, channel-77, transfer, axelar-dojo-1, 07-tendermint-1, connection-1, channel-1, transfer
injective-1, 07-tendermint-101 (Expired), connection-87, channel-78, transfer, juno-1, 07-tendermint-127, connection-83, channel-59, transfer
injective-1, 07-tendermint-107 (Expired), connection-88, channel-79, transfer, evmos_9001-1, 07-tendermint-2, connection-2, channel-2, transfer
injective-1, 07-tendermint-108 (Expired), connection-89, channel-80, transfer, core-1, 07-tendermint-56, connection-52, channel-40, transfer
injective-1, 07-tendermint-109 (Expired), connection-90, channel-81, transfer, axelar-dojo-1, 07-tendermint-29, connection-15, channel-5, transfer
injective-1, 07-tendermint-110 (Active), connection-91, channel-82, transfer, core-1, 07-tendermint-57, connection-53, channel-41, transfer
injective-1, 07-tendermint-112 (Active), connection-92, channel-83, transfer, evmos_9001-2, 07-tendermint-19, connection-13, channel-10, transfer
injective-1, 07-tendermint-113 (Active), connection-93, channel-84, transfer, axelar-dojo-1, 07-tendermint-37, connection-20, channel-10, transfer
injective-1, 07-tendermint-114 (Expired), connection-96, channel-85, transfer, laozi-mainnet, 07-tendermint-121, connection-103, channel-92, transfer
injective-1, 07-tendermint-125 (Expired), connection-99, channel-86, transfer, core-1, 07-tendermint-58, connection-54, channel-42, transfer
injective-1, 07-tendermint-125 (Expired), connection-99, channel-87, transfer, core-1, 07-tendermint-58, connection-54, channel-43, transfer
injective-1, 07-tendermint-126 (Active), connection-101, channel-88, transfer, secret-4, 07-tendermint-49, connection-30, channel-23, transfer
injective-1, 07-tendermint-131, connection-103, channel-114, icahost, stride-1, 07-tendermint-2, connection-3, channel-77, icacontroller-injective-1.FEE
injective-1, 07-tendermint-131, connection-103, channel-115, icahost, stride-1, 07-tendermint-2, connection-3, channel-76, icacontroller-injective-1.DELEGATION
injective-1, 07-tendermint-131, connection-103, channel-116, icahost, stride-1, 07-tendermint-2, connection-3, channel-78, icacontroller-injective-1.WITHDRAWAL
injective-1, 07-tendermint-131 (Active), connection-103, channel-113, icahost, stride-1, 07-tendermint-2, connection-3, channel-79, icacontroller-injective-1.REDEMPTION
injective-1, 07-tendermint-131 (Active), connection-103, channel-113, icahost, stride-1, 07-tendermint-2, connection-3, channel-79, icacontroller-injective-1.REDEMPTION
injective-1, 07-tendermint-131 (Active), connection-103, channel-114, icahost, stride-1, 07-tendermint-2, connection-3, channel-77, icacontroller-injective-1.FEE
injective-1, 07-tendermint-131 (Active), connection-103, channel-114, icahost, stride-1, 07-tendermint-2, connection-3, channel-77, icacontroller-injective-1.FEE
injective-1, 07-tendermint-131 (Active), connection-103, channel-115, icahost, stride-1, 07-tendermint-2, connection-3, channel-76, icacontroller-injective-1.DELEGATION
injective-1, 07-tendermint-131 (Active), connection-103, channel-115, icahost, stride-1, 07-tendermint-2, connection-3, channel-76, icacontroller-injective-1.DELEGATION
injective-1, 07-tendermint-131 (Active), connection-103, channel-116, icahost, stride-1, 07-tendermint-2, connection-3, channel-78, icacontroller-injective-1.WITHDRAWAL
injective-1, 07-tendermint-131 (Active), connection-103, channel-116, icahost, stride-1, 07-tendermint-2, connection-3, channel-78, icacontroller-injective-1.WITHDRAWAL
injective-1, 07-tendermint-131 (Active), connection-103, channel-184, icahost, stride-1, 07-tendermint-2, connection-3, channel-172, icacontroller-injective-1.COMMUNITY_POOL_DEPOSIT
injective-1, 07-tendermint-131 (Active), connection-103, channel-185, icahost, stride-1, 07-tendermint-2, connection-3, channel-173, icacontroller-injective-1.COMMUNITY_POOL_RETURN
injective-1, 07-tendermint-131 (Active), connection-103, channel-186, icahost, stride-1, 07-tendermint-2, connection-3, channel-173, icacontroller-injective-1.COMMUNITY_POOL_RETURN
injective-1, 07-tendermint-131 (Active), connection-103, channel-187, icahost, stride-1, 07-tendermint-2, connection-3, channel-173, icacontroller-injective-1.COMMUNITY_POOL_RETURN
injective-1, 07-tendermint-131 (Active), connection-103, channel-187, icahost, stride-1, 07-tendermint-2, connection-3, channel-173, icacontroller-injective-1.COMMUNITY_POOL_RETURN
injective-1, 07-tendermint-131 (Active), connection-103, channel-188, icahost, stride-1, 07-tendermint-2, connection-3, channel-172, icacontroller-injective-1.COMMUNITY_POOL_DEPOSIT
injective-1, 07-tendermint-131 (Active), connection-103, channel-189, icahost, stride-1, 07-tendermint-2, connection-3, channel-172, icacontroller-injective-1.COMMUNITY_POOL_DEPOSIT
injective-1, 07-tendermint-131 (Active), connection-103, channel-189, icahost, stride-1, 07-tendermint-2, connection-3, channel-172, icacontroller-injective-1.COMMUNITY_POOL_DEPOSIT
injective-1, 07-tendermint-131 (Active), connection-103, channel-253, icahost, stride-1, 07-tendermint-2, connection-3, channel-220, icacontroller-injective-1.ORACLE
injective-1, 07-tendermint-131 (Active), connection-103, channel-89, transfer, stride-1, 07-tendermint-2, connection-3, channel-6, transfer
injective-1, 07-tendermint-132 (Active), connection-105, channel-90, transfer, crescent-1, 07-tendermint-26, connection-29, channel-23, transfer
injective-1, 07-tendermint-133 (Expired), connection-106, channel-91, transfer, acre_9052-1, 07-tendermint-2, connection-1, channel-2, transfer
injective-1, 07-tendermint-133 (Expired), connection-106, channel-92, transfer, acre_9052-1, 07-tendermint-2, connection-1, channel-3, transfer
injective-1, 07-tendermint-135 (Active), connection-108, channel-93, transfer, sommelier-3, 07-tendermint-4, connection-1, channel-1, transfer
injective-1, 07-tendermint-138 (Expired), connection-109, channel-94, transfer, comdex-1, 07-tendermint-95, connection-53, channel-48, transfer
injective-1, 07-tendermint-139 (Expired), connection-110, channel-95, transfer, phoenix-1, 07-tendermint-78, connection-62, channel-42, transfer
injective-1, 07-tendermint-141 (Expired), connection-114, channel-96, transfer, onomy-mainnet-1, 07-tendermint-3, connection-4, channel-3, transfer
injective-1, 07-tendermint-143 (Expired), connection-115, channel-97, transfer, planq_7070-2, 07-tendermint-336, connection-303, channel-42, transfer
injective-1, 07-tendermint-144 (Active), connection-116, channel-331, icahost, kaiyo-1, 07-tendermint-77, connection-53, channel-174, wasm.kujira1p08n7kfcfpwncrdgm4afutkhdnxjzqudkx50s4qj6t95wpwxz62s692375
injective-1, 07-tendermint-144 (Active), connection-116, channel-332, icahost, kaiyo-1, 07-tendermint-77, connection-53, channel-175, wasm.kujira1tkua2vqlgjvfj9xtncl2vpevtqwldvhf2wvyysx4cmdsw3pl87ssex0fqz
injective-1, 07-tendermint-144 (Active), connection-116, channel-98, transfer, kaiyo-1, 07-tendermint-77, connection-53, channel-54, transfer
injective-1, 07-tendermint-147 (Active), connection-117, channel-99, transfer, canto_7700-1, 07-tendermint-16, connection-13, channel-8, transfer
injective-1, 07-tendermint-152 (Expired), connection-121, channel-100, transfer, gravity-bridge-3, 07-tendermint-362, connection-335, channel-113, transfer
injective-1, 07-tendermint-153 (Expired), connection-122, channel-101, transfer, canto_7700-1, 07-tendermint-26, connection-18, channel-12, transfer
injective-1, 07-tendermint-154 (Active), connection-123, channel-102, transfer, migaloo-1, 07-tendermint-5, connection-8, channel-3, transfer
injective-1, 07-tendermint-154 (Active), connection-123, channel-263, wasm.inj1ql2qpt5uudppa33yf0p03fssxtkhqawxdw4czf, migaloo-1, 07-tendermint-5, connection-8, channel-116, wasm.migaloo1e63cld4ex3062nvrx8f6dald97c5f9am3y8eledc0za7tvyzc7usvn3nwr
injective-1, 07-tendermint-154 (Active), connection-123, channel-264, wasm.inj1ql2qpt5uudppa33yf0p03fssxtkhqawxdw4czf, migaloo-1, 07-tendermint-5, connection-8, channel-117, wasm.migaloo1e63cld4ex3062nvrx8f6dald97c5f9am3y8eledc0za7tvyzc7usvn3nwr
injective-1, 07-tendermint-154 (Active), connection-123, channel-309, wasm.inj1edfqvfyvpce8qm5avph43spnm5plt2en2lgdg6, migaloo-1, 07-tendermint-5, connection-8, channel-120, wasm.migaloo190zmewmp5pv2mhv3mqpmvseh55902fae3wn0mraxyrp3cys55jksftxwan
injective-1, 07-tendermint-154 (Active), connection-123, channel-341, wasm.inj193lcenknetk7ugaxpn43kfynz9x224c5rxesdn, migaloo-1, 07-tendermint-5, connection-8, channel-138, wasm.migaloo1hz9j0mn657vd09q2cstvvg8p07xctsn4e40d5zhw8nryw63hd6lqlcjmye
injective-1, 07-tendermint-159 (Expired), connection-130, channel-103, transfer, phoenix-1, 07-tendermint-107, connection-96, channel-90, wasm.terra1jhfjnm39y3nn9l4520mdn4k5mw23nz0674c4gsvyrcr90z9tqcvst22fce
injective-1, 07-tendermint-160 (Active), connection-131, channel-104, transfer, phoenix-1, 07-tendermint-108, connection-97, channel-91, wasm.terra1jhfjnm39y3nn9l4520mdn4k5mw23nz0674c4gsvyrcr90z9tqcvst22fce
injective-1, 07-tendermint-160 (Active), connection-131, channel-105, wasm.inj1rsrefjc7xnl6d6fm6avl706nu5y6nkpxffyevq, phoenix-1, 07-tendermint-108, connection-97, channel-92, wasm.terra1fkuhmq52pj08qqffp0elrvmzel8zz857x0pjjuuaar54mgcpe35s9km660
injective-1, 07-tendermint-160 (Active), connection-131, channel-118, transfer, phoenix-1, 07-tendermint-108, connection-97, channel-116, wasm.terra1e0mrzy8077druuu42vs0hu7ugguade0cj65dgtauyaw4gsl4kv0qtdf2au
injective-1, 07-tendermint-163 (Expired), connection-138, channel-106, transfer, local-test-1, 07-tendermint-0, connection-0, channel-0, transfer
injective-1, 07-tendermint-163 (Expired), connection-138, channel-107, icahost, local-test-1, 07-tendermint-0, connection-0, channel-3, icacontroller-injective-1.WITHDRAWAL
injective-1, 07-tendermint-163 (Expired), connection-138, channel-107, icahost, local-test-1, 07-tendermint-0, connection-0, channel-3, icacontroller-injective-1.WITHDRAWAL
injective-1, 07-tendermint-163 (Expired), connection-138, channel-108, icahost, local-test-1, 07-tendermint-0, connection-0, channel-4, icacontroller-injective-1.REDEMPTION
injective-1, 07-tendermint-163 (Expired), connection-138, channel-108, icahost, local-test-1, 07-tendermint-0, connection-0, channel-4, icacontroller-injective-1.REDEMPTION
injective-1, 07-tendermint-163 (Expired), connection-138, channel-109, icahost, local-test-1, 07-tendermint-0, connection-0, channel-1, icacontroller-injective-1.DELEGATION
injective-1, 07-tendermint-163 (Expired), connection-138, channel-109, icahost, local-test-1, 07-tendermint-0, connection-0, channel-1, icacontroller-injective-1.DELEGATION
injective-1, 07-tendermint-163 (Expired), connection-138, channel-110, icahost, local-test-1, 07-tendermint-0, connection-0, channel-2, icacontroller-injective-1.FEE
injective-1, 07-tendermint-163 (Expired), connection-138, channel-110, icahost, local-test-1, 07-tendermint-0, connection-0, channel-2, icacontroller-injective-1.FEE
injective-1, 07-tendermint-164 (Expired), connection-143, channel-111, transfer, stride-1, 07-tendermint-83, connection-70, channel-75, transfer
injective-1, 07-tendermint-165 (Expired), connection-149, channel-112, transfer, local-test-1, 07-tendermint-0, connection-0, channel-0, transfer
injective-1, 07-tendermint-166 (Expired), connection-150, channel-117, transfer, columbus-5, 07-tendermint-176, connection-100, channel-70, transfer
injective-1, 07-tendermint-168 (Expired), connection-152, channel-119, transfer, cosmoshub-4, 07-tendermint-1124, connection-812, channel-570, transfer
injective-1, 07-tendermint-169 (Expired), connection-155, channel-120, transfer, eightball-1, 07-tendermint-34, connection-43, channel-40, transfer
injective-1, 07-tendermint-170 (Expired), connection-156, channel-121, transfer, agoric-3, 07-tendermint-40, connection-37, channel-29, transfer
injective-1, 07-tendermint-171 (Expired), connection-157, channel-122, transfer, mantle-1, 07-tendermint-67, connection-46, channel-33, transfer
injective-1, 07-tendermint-172 (Expired), connection-158, channel-123, transfer, bitcanna-1, 07-tendermint-50, connection-46, channel-28, transfer
injective-1, 07-tendermint-174 (Expired), connection-159, channel-124, transfer, chihuahua-1, 07-tendermint-147, connection-95, channel-50, transfer
injective-1, 07-tendermint-175 (Expired), connection-160, channel-125, transfer, crypto-org-chain-mainnet-1, 07-tendermint-1169, connection-297, channel-70, transfer
injective-1, 07-tendermint-176 (Expired), connection-162, channel-126, transfer, desmos-mainnet, 07-tendermint-45, connection-27, channel-19, transfer
injective-1, 07-tendermint-177 (Expired), connection-163, channel-127, transfer, arkh, 07-tendermint-90, connection-80, channel-60, transfer
injective-1, 07-tendermint-179 (Expired), connection-164, channel-128, transfer, bostrom, 07-tendermint-77, connection-50, channel-42, transfer
injective-1, 07-tendermint-181 (Expired), connection-165, channel-129, transfer, cheqd-mainnet-1, 07-tendermint-73, connection-53, channel-29, transfer
injective-1, 07-tendermint-184 (Expired), connection-167, channel-131, transfer, irishub-1, 07-tendermint-107, connection-84, channel-49, transfer
injective-1, 07-tendermint-186 (Expired), connection-168, channel-132, transfer, jackal-1, 07-tendermint-21, connection-17, channel-16, transfer
injective-1, 07-tendermint-187 (Expired), connection-169, channel-133, transfer, juno-1, 07-tendermint-359, connection-357, channel-256, transfer
injective-1, 07-tendermint-189 (Expired), connection-171, channel-134, transfer, mars-1, 07-tendermint-28, connection-22, channel-17, transfer
injective-1, 07-tendermint-192 (Expired), connection-173, channel-135, transfer, teritori-1, 07-tendermint-57, connection-35, channel-28, transfer
injective-1, 07-tendermint-194 (Expired), connection-175, channel-136, transfer, odin-mainnet-freya, 07-tendermint-81, connection-64, channel-48, transfer
injective-1, 07-tendermint-197 (Expired), connection-182, channel-137, transfer, dimension_37-1, 07-tendermint-6, connection-12, channel-7, transfer
injective-1, 07-tendermint-201 (Expired), connection-184, channel-138, transfer, nois-1, 07-tendermint-13, connection-6, channel-17, transfer
injective-1, 07-tendermint-201 (Expired), connection-184, channel-140, wasm.inj1w9g3sk7lk8k0pdtctygupt6f3te7x4thvzz57a, nois-1, 07-tendermint-13, connection-6, channel-20, wasm.nois1acyc05v6fgcdgj88nmz2t40aex9nlnptqpwp5hf8hwg7rhce9uuqgqz5wp
injective-1, 07-tendermint-202 (Expired), connection-185, channel-141, transfer, centauri-1, 07-tendermint-33, connection-17, channel-10, transfer
injective-1, 07-tendermint-204 (Expired), connection-188, channel-142, transfer, centauri-1, 07-tendermint-84, connection-34, channel-21, transfer
injective-1, 07-tendermint-205 (Active), connection-189, channel-143, transfer, kava_2222-10, 07-tendermint-130, connection-166, channel-122, transfer
injective-1, 07-tendermint-206 (Expired), connection-190, channel-144, transfer, phoenix-1, 07-tendermint-318, connection-237, channel-208, transfer
injective-1, 07-tendermint-207 (Expired), connection-191, channel-145, transfer, centauri-1, 07-tendermint-123, connection-45, channel-29, transfer
injective-1, 07-tendermint-210 (Expired), connection-193, channel-146, transfer, noble-1, 07-tendermint-15, connection-24, channel-10, transfer
injective-1, 07-tendermint-211, connection-194, channel-160, icahost, Oraichain, 07-tendermint-105, connection-82, channel-149, icacontroller-orai1kwu560q8cswhwysm96us4la460x7gxkqsyda8v
injective-1, 07-tendermint-211, connection-194, channel-161, icahost, Oraichain, 07-tendermint-105, connection-82, channel-150, icacontroller-orai16vfx780ju7exgeur0ukq3yaryrzw4smsarsflf
injective-1, 07-tendermint-211, connection-194, channel-162, icahost, Oraichain, 07-tendermint-105, connection-82, channel-150, icacontroller-orai16vfx780ju7exgeur0ukq3yaryrzw4smsarsflf
injective-1, 07-tendermint-211, connection-194, channel-164, icahost, Oraichain, 07-tendermint-105, connection-82, channel-151, icacontroller-orai15yh8hy4em7cr3glkzvgdaf7g2s0h8f52xs6sw5
injective-1, 07-tendermint-211, connection-194, channel-166, icahost, Oraichain, 07-tendermint-105, connection-82, channel-153, icacontroller-orai1fs769wwkmjdxd8wk70qx3gaajnfmrwve7s5d5vy44mjv3efum09sp0m7nf
injective-1, 07-tendermint-211, connection-194, channel-167, icahost, Oraichain, 07-tendermint-105, connection-82, channel-154, icacontroller-orai15yh8hy4em7cr3glkzvgdaf7g2s0h8f52xs6sw5
injective-1, 07-tendermint-211 (Active), connection-194, channel-147, transfer, Oraichain, 07-tendermint-105, connection-82, channel-146, transfer
injective-1, 07-tendermint-211 (Active), connection-194, channel-160, icahost, Oraichain, 07-tendermint-105, connection-82, channel-149, icacontroller-orai1kwu560q8cswhwysm96us4la460x7gxkqsyda8v
injective-1, 07-tendermint-211 (Active), connection-194, channel-160, icahost, Oraichain, 07-tendermint-105, connection-82, channel-149, icacontroller-orai1kwu560q8cswhwysm96us4la460x7gxkqsyda8v
injective-1, 07-tendermint-211 (Active), connection-194, channel-161, icahost, Oraichain, 07-tendermint-105, connection-82, channel-150, icacontroller-orai16vfx780ju7exgeur0ukq3yaryrzw4smsarsflf
injective-1, 07-tendermint-211 (Active), connection-194, channel-161, icahost, Oraichain, 07-tendermint-105, connection-82, channel-150, icacontroller-orai16vfx780ju7exgeur0ukq3yaryrzw4smsarsflf
injective-1, 07-tendermint-211 (Active), connection-194, channel-162, icahost, Oraichain, 07-tendermint-105, connection-82, channel-150, icacontroller-orai16vfx780ju7exgeur0ukq3yaryrzw4smsarsflf
injective-1, 07-tendermint-211 (Active), connection-194, channel-163, icahost, Oraichain, 07-tendermint-105, connection-82, channel-151, icacontroller-orai15yh8hy4em7cr3glkzvgdaf7g2s0h8f52xs6sw5
injective-1, 07-tendermint-211 (Active), connection-194, channel-164, icahost, Oraichain, 07-tendermint-105, connection-82, channel-151, icacontroller-orai15yh8hy4em7cr3glkzvgdaf7g2s0h8f52xs6sw5
injective-1, 07-tendermint-211 (Active), connection-194, channel-165, icahost, Oraichain, 07-tendermint-105, connection-82, channel-152, icacontroller-orai1ld7eysttpaukj7hufmtrrkpqahc5shqau7x0s7p076xad2prhh7qj499pq
injective-1, 07-tendermint-211 (Active), connection-194, channel-166, icahost, Oraichain, 07-tendermint-105, connection-82, channel-153, icacontroller-orai1fs769wwkmjdxd8wk70qx3gaajnfmrwve7s5d5vy44mjv3efum09sp0m7nf
injective-1, 07-tendermint-211 (Active), connection-194, channel-166, icahost, Oraichain, 07-tendermint-105, connection-82, channel-153, icacontroller-orai1fs769wwkmjdxd8wk70qx3gaajnfmrwve7s5d5vy44mjv3efum09sp0m7nf
injective-1, 07-tendermint-211 (Active), connection-194, channel-167, icahost, Oraichain, 07-tendermint-105, connection-82, channel-154, icacontroller-orai15yh8hy4em7cr3glkzvgdaf7g2s0h8f52xs6sw5
injective-1, 07-tendermint-211 (Active), connection-194, channel-167, icahost, Oraichain, 07-tendermint-105, connection-82, channel-154, icacontroller-orai15yh8hy4em7cr3glkzvgdaf7g2s0h8f52xs6sw5
injective-1, 07-tendermint-211 (Active), connection-194, channel-168, icahost, Oraichain, 07-tendermint-105, connection-82, channel-154, icacontroller-orai15yh8hy4em7cr3glkzvgdaf7g2s0h8f52xs6sw5
injective-1, 07-tendermint-211 (Active), connection-194, channel-169, icahost, Oraichain, 07-tendermint-105, connection-82, channel-155, icacontroller-orai1ld7eysttpaukj7hufmtrrkpqahc5shqau7x0s7p076xad2prhh7qj499pq
injective-1, 07-tendermint-211 (Active), connection-194, channel-170, icahost, Oraichain, 07-tendermint-105, connection-82, channel-155, icacontroller-orai1ld7eysttpaukj7hufmtrrkpqahc5shqau7x0s7p076xad2prhh7qj499pq
injective-1, 07-tendermint-211 (Active), connection-194, channel-171, icahost, Oraichain, 07-tendermint-105, connection-82, channel-155, icacontroller-orai1ld7eysttpaukj7hufmtrrkpqahc5shqau7x0s7p076xad2prhh7qj499pq
injective-1, 07-tendermint-211 (Active), connection-194, channel-171, icahost, Oraichain, 07-tendermint-105, connection-82, channel-155, icacontroller-orai1ld7eysttpaukj7hufmtrrkpqahc5shqau7x0s7p076xad2prhh7qj499pq
injective-1, 07-tendermint-211 (Active), connection-194, channel-172, icahost, Oraichain, 07-tendermint-105, connection-82, channel-156, icacontroller-orai1acsk9fzrwdzpfed87acpdwpk3wq3dvhq09gclqrn9wpvxy2h5mssxrpymh
injective-1, 07-tendermint-211 (Active), connection-194, channel-172, icahost, Oraichain, 07-tendermint-105, connection-82, channel-156, icacontroller-orai1acsk9fzrwdzpfed87acpdwpk3wq3dvhq09gclqrn9wpvxy2h5mssxrpymh
injective-1, 07-tendermint-211 (Active), connection-194, channel-173, icahost, Oraichain, 07-tendermint-105, connection-82, channel-157, icacontroller-orai1pwp3dcymna763hpvzdy6sf8a7z7za9jhf3hk4tf06eduhdrzfq0qu69j92
injective-1, 07-tendermint-211 (Active), connection-194, channel-174, icahost, Oraichain, 07-tendermint-105, connection-82, channel-157, icacontroller-orai1pwp3dcymna763hpvzdy6sf8a7z7za9jhf3hk4tf06eduhdrzfq0qu69j92
injective-1, 07-tendermint-211 (Active), connection-194, channel-174, icahost, Oraichain, 07-tendermint-105, connection-82, channel-157, icacontroller-orai1pwp3dcymna763hpvzdy6sf8a7z7za9jhf3hk4tf06eduhdrzfq0qu69j92
injective-1, 07-tendermint-211 (Active), connection-194, channel-175, icahost, Oraichain, 07-tendermint-105, connection-82, channel-158, icacontroller-orai1lf9q8r3e29hmgjeajd2vhr2n2yj7tkwqt4mx7pj4pl4kpz6adw3qmy4q0x
injective-1, 07-tendermint-211 (Active), connection-194, channel-176, icahost, Oraichain, 07-tendermint-105, connection-82, channel-159, icacontroller-orai1pdxhr0uyxy43l3hmta20guuw5ysm76d0yrv7vus6v9kuwcwvt7pqmh5ya9
injective-1, 07-tendermint-211 (Active), connection-194, channel-311, icahost, Oraichain, 07-tendermint-105, connection-82, channel-247, icacontroller-orai1pdxhr0uyxy43l3hmta20guuw5ysm76d0yrv7vus6v9kuwcwvt7pqmh5ya9
injective-1, 07-tendermint-211 (Active), connection-194, channel-312, icahost, Oraichain, 07-tendermint-105, connection-82, channel-250, icacontroller-orai1h75u4620qt8kxkxw7z2zykpsu7rgdfsjcwpvkmyrexr2fwzyq89qs2vktc
injective-1, 07-tendermint-211 (Active), connection-194, channel-422, icahost, Oraichain, 07-tendermint-105, connection-82, channel-310, icacontroller-orai1qpuundpvtymcyq3cmcty3udf2zy0m509w4kg8w
injective-1, 07-tendermint-211 (Active), connection-194, channel-424, icahost, Oraichain, 07-tendermint-105, connection-82, channel-311, icacontroller-orai1ma79fe7apvf8x08pwphke9dnwc2m6jngxg7rlut2a26sy524293s5qj6l5
injective-1, 07-tendermint-211 (Active), connection-194, channel-426, icahost, Oraichain, 07-tendermint-105, connection-82, channel-312, icacontroller-orai1lf9q8r3e29hmgjeajd2vhr2n2yj7tkwqt4mx7pj4pl4kpz6adw3qmy4q0x
injective-1, 07-tendermint-212 (Active), connection-195, channel-148, transfer, noble-1, 07-tendermint-57, connection-55, channel-31, transfer
injective-1, 07-tendermint-213 (Expired), connection-200, channel-149, transfer, cosmoshub-4, 07-tendermint-1184, connection-908, channel-698, transfer
injective-1, 07-tendermint-215 (Expired), connection-201, channel-150, transfer, cosmoshub-4, 07-tendermint-1185, connection-912, channel-700, transfer
injective-1, 07-tendermint-216 (Active), connection-202, channel-151, transfer, phoenix-1, 07-tendermint-369, connection-311, channel-255, transfer
injective-1, 07-tendermint-216 (Active), connection-202, channel-272, wasm.inj1eksx0xjfzdcvesfq0kk7fcdv534ajrmccg27ah, phoenix-1, 07-tendermint-369, connection-311, channel-397, wasm.terra1pmhsahmn5eymdn07yahp9692jnqyh54f7pak82v4nwzylgfrvkaq8grraa
injective-1, 07-tendermint-216 (Active), connection-202, channel-289, wasm.inj1tr0uhnh6dwtvaunnpa3zcdrq3gvq9y47jrysu8, phoenix-1, 07-tendermint-369, connection-311, channel-488, wasm.terra1vf2janv5s6ywsa8lj4m5q7jdw3wfqpmgtkgdllh24l2shz0qyv4qvtjkuk
injective-1, 07-tendermint-216 (Active), connection-202, channel-317, wasm.inj193lcenknetk7ugaxpn43kfynz9x224c5rxesdn, phoenix-1, 07-tendermint-369, connection-311, channel-499, wasm.terra1ed3qw4y4ca3lpj82ugg2jqsjr9czd0yyldcpp5n5yd7hu6udqafslz0nmg
injective-1, 07-tendermint-216 (Active), connection-202, channel-347, wasm.inj1nl40h82ervq4s9nsquzzljvjx328y7clv7adc6, phoenix-1, 07-tendermint-369, connection-311, channel-527, wasm.terra1aa2u0y2zjk62879e4at9x3nzhlml7n8v43dagjnur6ksqwe0pnesxmykeh
injective-1, 07-tendermint-216 (Active), connection-202, channel-348, wasm.inj1nl40h82ervq4s9nsquzzljvjx328y7clv7adc6, phoenix-1, 07-tendermint-369, connection-311, channel-529, wasm.terra1aa2u0y2zjk62879e4at9x3nzhlml7n8v43dagjnur6ksqwe0pnesxmykeh
injective-1, 07-tendermint-216 (Active), connection-202, channel-349, wasm.inj16kscc8nwmwa0067z0u24cp0fa6hwhw3qqthvs3, phoenix-1, 07-tendermint-369, connection-311, channel-531, wasm.terra1aa2u0y2zjk62879e4at9x3nzhlml7n8v43dagjnur6ksqwe0pnesxmykeh
injective-1, 07-tendermint-216 (Active), connection-202, channel-350, wasm.inj193lcenknetk7ugaxpn43kfynz9x224c5rxesdn, phoenix-1, 07-tendermint-369, connection-311, channel-539, wasm.terra1ed3qw4y4ca3lpj82ugg2jqsjr9czd0yyldcpp5n5yd7hu6udqafslz0nmg
injective-1, 07-tendermint-216 (Active), connection-202, channel-351, wasm.inj1y2czxrx9fexxwax6y3rqeapn832kmul6ehlnvs, phoenix-1, 07-tendermint-369, connection-311, channel-542, wasm.terra1amrr5e8y472rnnntn4uap9dlmktr5trt70gp5ymwtlw07ytly7qqtclzh4
injective-1, 07-tendermint-216 (Active), connection-202, channel-356, wasm.inj1ftxyl00z7uastq3kfntg4shp5gqyyhvl4dr3kf, phoenix-1, 07-tendermint-369, connection-311, channel-544, wasm.terra1vn2n7ewlm0xdpsjdru8yc8acg93umvvl4nz8zx09svtku87wq03svfvssz
injective-1, 07-tendermint-216 (Active), connection-202, channel-357, wasm.inj1ftxyl00z7uastq3kfntg4shp5gqyyhvl4dr3kf, phoenix-1, 07-tendermint-369, connection-311, channel-547, wasm.terra1vn2n7ewlm0xdpsjdru8yc8acg93umvvl4nz8zx09svtku87wq03svfvssz
injective-1, 07-tendermint-216 (Active), connection-202, channel-358, wasm.inj1ftxyl00z7uastq3kfntg4shp5gqyyhvl4dr3kf, phoenix-1, 07-tendermint-369, connection-311, channel-548, wasm.terra1vn2n7ewlm0xdpsjdru8yc8acg93umvvl4nz8zx09svtku87wq03svfvssz
injective-1, 07-tendermint-216 (Active), connection-202, channel-359, wasm.inj1ftxyl00z7uastq3kfntg4shp5gqyyhvl4dr3kf, phoenix-1, 07-tendermint-369, connection-311, channel-549, wasm.terra1vn2n7ewlm0xdpsjdru8yc8acg93umvvl4nz8zx09svtku87wq03svfvssz
injective-1, 07-tendermint-216 (Active), connection-202, channel-360, wasm.inj1ftxyl00z7uastq3kfntg4shp5gqyyhvl4dr3kf, phoenix-1, 07-tendermint-369, connection-311, channel-550, wasm.terra1vn2n7ewlm0xdpsjdru8yc8acg93umvvl4nz8zx09svtku87wq03svfvssz
injective-1, 07-tendermint-216 (Active), connection-202, channel-361, wasm.inj1ftxyl00z7uastq3kfntg4shp5gqyyhvl4dr3kf, phoenix-1, 07-tendermint-369, connection-311, channel-551, wasm.terra1vn2n7ewlm0xdpsjdru8yc8acg93umvvl4nz8zx09svtku87wq03svfvssz
injective-1, 07-tendermint-216 (Active), connection-202, channel-362, wasm.inj14xp36v4ctskk9cqz7zwt2n559t7xzfzg8ecmqd, phoenix-1, 07-tendermint-369, connection-311, channel-555, wasm.terra1uj6at4ysw5fvtljq56dsphk45w38pekv6x6xtlge4axeymp9463qljwxmn
injective-1, 07-tendermint-216 (Active), connection-202, channel-364, wasm.inj14xp36v4ctskk9cqz7zwt2n559t7xzfzg8ecmqd, phoenix-1, 07-tendermint-369, connection-311, channel-567, wasm.terra1uj6at4ysw5fvtljq56dsphk45w38pekv6x6xtlge4axeymp9463qljwxmn
injective-1, 07-tendermint-216 (Active), connection-202, channel-367, wasm.inj1mepyreaqjxx30al2rkgsy26hnge4aujjq8xkjs, phoenix-1, 07-tendermint-369, connection-311, channel-569, wasm.terra1ukt433tc8ad7q9376j0srp4cc8ddd0zklw8nr4tya9qfy48qmqwsepn9m0
injective-1, 07-tendermint-216 (Active), connection-202, channel-371, wasm.inj1d0dfhvcdvckru78xdxdjts0ft2w555q8dyhkja, phoenix-1, 07-tendermint-369, connection-311, channel-573, wasm.terra1s9t358nypxjtyc8hntzsg745lnpsaq2z0u9vd9xkuqfguny8squsl8dwvx
injective-1, 07-tendermint-216 (Active), connection-202, channel-373, wasm.inj1zksdrv89r5gx0jqa0sp98wxy2jyjfax7zv0f4x, phoenix-1, 07-tendermint-369, connection-311, channel-579, wasm.terra10859kruf556m6vrm6aq9da9t3nr7xwl54thq7sc8ezk7utch9ttqnwdsns
injective-1, 07-tendermint-216 (Active), connection-202, channel-379, wasm.inj1k0d93x5qe73vp20n0szgrf3ejsaum8x9rzgzz8, phoenix-1, 07-tendermint-369, connection-311, channel-584, wasm.terra1cddrrahrepvuxdd2v9ran60ttyaylj03dty425gtyt5vlu4ucz3s6zvemn
injective-1, 07-tendermint-216 (Active), connection-202, channel-381, wasm.inj1mth9mtsnjnzwa0sw2t7ux4erju6an8llh50nyj, phoenix-1, 07-tendermint-369, connection-311, channel-587, wasm.terra1peermvyymcd9jz34lmy767jdg5f0y0wav97hyd7tpy4as72p83vszj6h92
injective-1, 07-tendermint-216 (Active), connection-202, channel-383, wasm.inj1yuvz0hu4demfpfsyr7avuhwampeqlaju2p8kdu, phoenix-1, 07-tendermint-369, connection-311, channel-591, wasm.terra1zypld3vlnsuqzj54h5zj7qe34sydqwr4ej0chaf6q5t96qxyvqhqee7gyd
injective-1, 07-tendermint-216 (Active), connection-202, channel-391, wasm.inj1znpxn5fg9u0rupgwu7lc3nk9ar6kru6keqer5z, phoenix-1, 07-tendermint-369, connection-311, channel-594, wasm.terra1p86nsr30zq4gxpzyqlactnrqm643a8wyl9g9yxk260dvduff6wuq3luxgq
injective-1, 07-tendermint-216 (Active), connection-202, channel-393, wasm.inj1vjg4akc529zzl8qdzmm0yanq8nt9xl5jwuhv2f, phoenix-1, 07-tendermint-369, connection-311, channel-595, wasm.terra1slvfjf3hmy4luqjacvdd5plzwzhltguh0jp7pfzq7n27e9u3zg9s77pjws
injective-1, 07-tendermint-226 (Active), connection-210, channel-152, transfer, celestia, 07-tendermint-28, connection-6, channel-7, transfer
injective-1, 07-tendermint-227 (Expired), connection-212, channel-154, transfer, umee-1, 07-tendermint-241, connection-203, channel-113, transfer
injective-1, 07-tendermint-227 (Expired), connection-213, channel-156, transfer, umee-1, 07-tendermint-241, connection-204, channel-114, transfer
injective-1, 07-tendermint-228 (Expired), connection-216, channel-158, transfer, umee-1, 07-tendermint-242, connection-205, channel-115, transfer
injective-1, 07-tendermint-229 (Active), connection-217, channel-159, transfer, umee-1, 07-tendermint-243, connection-206, channel-116, transfer
injective-1, 07-tendermint-233 (Active), connection-220, channel-177, transfer, neutron-1, 07-tendermint-78, connection-58, channel-60, transfer
injective-1, 07-tendermint-233 (Active), connection-220, channel-190, icahost, neutron-1, 07-tendermint-78, connection-58, channel-352, icacontroller-neutron1p3l3rkpupmxsthr76sq5pq33l08t9he8techd657k6f4ezxzcdms9hf5yv
injective-1, 07-tendermint-233 (Active), connection-220, channel-190, icahost, neutron-1, 07-tendermint-78, connection-58, channel-352, icacontroller-neutron1p3l3rkpupmxsthr76sq5pq33l08t9he8techd657k6f4ezxzcdms9hf5yv
injective-1, 07-tendermint-233 (Active), connection-220, channel-191, icahost, neutron-1, 07-tendermint-78, connection-58, channel-353, icacontroller-neutron1p3l3rkpupmxsthr76sq5pq33l08t9he8techd657k6f4ezxzcdms9hf5yv
injective-1, 07-tendermint-233 (Active), connection-220, channel-192, icahost, neutron-1, 07-tendermint-78, connection-58, channel-353, icacontroller-neutron1p3l3rkpupmxsthr76sq5pq33l08t9he8techd657k6f4ezxzcdms9hf5yv
injective-1, 07-tendermint-233 (Active), connection-220, channel-193, icahost, neutron-1, 07-tendermint-78, connection-58, channel-354, icacontroller-neutron1p3l3rkpupmxsthr76sq5pq33l08t9he8techd657k6f4ezxzcdms9hf5yv
injective-1, 07-tendermint-233 (Active), connection-220, channel-194, icahost, neutron-1, 07-tendermint-78, connection-58, channel-354, icacontroller-neutron1p3l3rkpupmxsthr76sq5pq33l08t9he8techd657k6f4ezxzcdms9hf5yv
injective-1, 07-tendermint-233 (Active), connection-220, channel-195, icahost, neutron-1, 07-tendermint-78, connection-58, channel-355, icacontroller-neutron1p3l3rkpupmxsthr76sq5pq33l08t9he8techd657k6f4ezxzcdms9hf5yv
injective-1, 07-tendermint-233 (Active), connection-220, channel-209, icahost, neutron-1, 07-tendermint-78, connection-58, channel-378, icacontroller-neutron1e6ddnrpkuyd5j2eley8m8z8zcctvaxn6yxxdrkqv8geg5a2lmlhqk8wzmt
injective-1, 07-tendermint-233 (Active), connection-220, channel-210, icahost, neutron-1, 07-tendermint-78, connection-58, channel-398, icacontroller-neutron1szen2tcgcp3k349wqgex8zv44uapvzack9hcfymfvwaj0pvyuy2slhqg7t
injective-1, 07-tendermint-233 (Active), connection-220, channel-212, icahost, neutron-1, 07-tendermint-78, connection-58, channel-531, icacontroller-neutron1lx7fej8mn9p9g9jnutl7npls8e9c4p2kkza288uhqq768r0y2cdqdzxkxv
injective-1, 07-tendermint-233 (Active), connection-220, channel-215, icahost, neutron-1, 07-tendermint-78, connection-58, channel-829, icacontroller-neutron1tratu0zpejtdxyre34zzx20xv6u8qh3s8xfz4k0fg7wl284hzvpq8w96az
injective-1, 07-tendermint-233 (Active), connection-220, channel-219, wasm.inj1rsrefjc7xnl6d6fm6avl706nu5y6nkpxffyevq, neutron-1, 07-tendermint-78, connection-58, channel-2113, wasm.neutron1atj2yz94k8l94yp7rwfm7uk4qjtcr3srfkk6d5jg0css6dx8utrqwtxjj6
injective-1, 07-tendermint-233 (Active), connection-220, channel-220, wasm.inj1rsrefjc7xnl6d6fm6avl706nu5y6nkpxffyevq, neutron-1, 07-tendermint-78, connection-58, channel-2115, wasm.neutron1atj2yz94k8l94yp7rwfm7uk4qjtcr3srfkk6d5jg0css6dx8utrqwtxjj6
injective-1, 07-tendermint-233 (Active), connection-220, channel-221, wasm.inj1rsrefjc7xnl6d6fm6avl706nu5y6nkpxffyevq, neutron-1, 07-tendermint-78, connection-58, channel-2114, wasm.neutron1atj2yz94k8l94yp7rwfm7uk4qjtcr3srfkk6d5jg0css6dx8utrqwtxjj6
injective-1, 07-tendermint-233 (Active), connection-220, channel-223, wasm.inj1rsrefjc7xnl6d6fm6avl706nu5y6nkpxffyevq, neutron-1, 07-tendermint-78, connection-58, channel-2116, wasm.neutron1atj2yz94k8l94yp7rwfm7uk4qjtcr3srfkk6d5jg0css6dx8utrqwtxjj6
injective-1, 07-tendermint-233 (Active), connection-220, channel-225, wasm.inj1rsrefjc7xnl6d6fm6avl706nu5y6nkpxffyevq, neutron-1, 07-tendermint-78, connection-58, channel-2117, wasm.neutron1atj2yz94k8l94yp7rwfm7uk4qjtcr3srfkk6d5jg0css6dx8utrqwtxjj6
injective-1, 07-tendermint-233 (Active), connection-220, channel-227, wasm.inj1rsrefjc7xnl6d6fm6avl706nu5y6nkpxffyevq, neutron-1, 07-tendermint-78, connection-58, channel-2118, wasm.neutron1atj2yz94k8l94yp7rwfm7uk4qjtcr3srfkk6d5jg0css6dx8utrqwtxjj6
injective-1, 07-tendermint-233 (Active), connection-220, channel-228, wasm.inj1rsrefjc7xnl6d6fm6avl706nu5y6nkpxffyevq, neutron-1, 07-tendermint-78, connection-58, channel-2119, wasm.neutron1atj2yz94k8l94yp7rwfm7uk4qjtcr3srfkk6d5jg0css6dx8utrqwtxjj6
injective-1, 07-tendermint-233 (Active), connection-220, channel-230, wasm.inj1rsrefjc7xnl6d6fm6avl706nu5y6nkpxffyevq, neutron-1, 07-tendermint-78, connection-58, channel-2120, wasm.neutron1atj2yz94k8l94yp7rwfm7uk4qjtcr3srfkk6d5jg0css6dx8utrqwtxjj6
injective-1, 07-tendermint-233 (Active), connection-220, channel-231, wasm.inj1rsrefjc7xnl6d6fm6avl706nu5y6nkpxffyevq, neutron-1, 07-tendermint-78, connection-58, channel-2121, wasm.neutron1atj2yz94k8l94yp7rwfm7uk4qjtcr3srfkk6d5jg0css6dx8utrqwtxjj6
injective-1, 07-tendermint-233 (Active), connection-220, channel-233, wasm.inj1rsrefjc7xnl6d6fm6avl706nu5y6nkpxffyevq, neutron-1, 07-tendermint-78, connection-58, channel-2122, wasm.neutron1atj2yz94k8l94yp7rwfm7uk4qjtcr3srfkk6d5jg0css6dx8utrqwtxjj6
injective-1, 07-tendermint-233 (Active), connection-220, channel-236, wasm.inj1rsrefjc7xnl6d6fm6avl706nu5y6nkpxffyevq, neutron-1, 07-tendermint-78, connection-58, channel-2123, wasm.neutron1atj2yz94k8l94yp7rwfm7uk4qjtcr3srfkk6d5jg0css6dx8utrqwtxjj6
injective-1, 07-tendermint-233 (Active), connection-220, channel-239, wasm.inj1rsrefjc7xnl6d6fm6avl706nu5y6nkpxffyevq, neutron-1, 07-tendermint-78, connection-58, channel-2124, wasm.neutron1atj2yz94k8l94yp7rwfm7uk4qjtcr3srfkk6d5jg0css6dx8utrqwtxjj6
injective-1, 07-tendermint-233 (Active), connection-220, channel-240, wasm.inj1rsrefjc7xnl6d6fm6avl706nu5y6nkpxffyevq, neutron-1, 07-tendermint-78, connection-58, channel-2125, wasm.neutron1atj2yz94k8l94yp7rwfm7uk4qjtcr3srfkk6d5jg0css6dx8utrqwtxjj6
injective-1, 07-tendermint-233 (Active), connection-220, channel-242, wasm.inj1rsrefjc7xnl6d6fm6avl706nu5y6nkpxffyevq, neutron-1, 07-tendermint-78, connection-58, channel-2126, wasm.neutron1atj2yz94k8l94yp7rwfm7uk4qjtcr3srfkk6d5jg0css6dx8utrqwtxjj6
injective-1, 07-tendermint-233 (Active), connection-220, channel-245, wasm.inj1rsrefjc7xnl6d6fm6avl706nu5y6nkpxffyevq, neutron-1, 07-tendermint-78, connection-58, channel-2111, wasm.neutron1atj2yz94k8l94yp7rwfm7uk4qjtcr3srfkk6d5jg0css6dx8utrqwtxjj6
injective-1, 07-tendermint-233 (Active), connection-220, channel-246, wasm.inj1rsrefjc7xnl6d6fm6avl706nu5y6nkpxffyevq, neutron-1, 07-tendermint-78, connection-58, channel-2148, wasm.neutron1atj2yz94k8l94yp7rwfm7uk4qjtcr3srfkk6d5jg0css6dx8utrqwtxjj6
injective-1, 07-tendermint-233 (Active), connection-220, channel-248, wasm.inj1rsrefjc7xnl6d6fm6avl706nu5y6nkpxffyevq, neutron-1, 07-tendermint-78, connection-58, channel-2149, wasm.neutron1atj2yz94k8l94yp7rwfm7uk4qjtcr3srfkk6d5jg0css6dx8utrqwtxjj6
injective-1, 07-tendermint-233 (Active), connection-220, channel-249, wasm.inj1rsrefjc7xnl6d6fm6avl706nu5y6nkpxffyevq, neutron-1, 07-tendermint-78, connection-58, channel-2150, wasm.neutron1atj2yz94k8l94yp7rwfm7uk4qjtcr3srfkk6d5jg0css6dx8utrqwtxjj6
injective-1, 07-tendermint-233 (Active), connection-220, channel-251, wasm.inj1rsrefjc7xnl6d6fm6avl706nu5y6nkpxffyevq, neutron-1, 07-tendermint-78, connection-58, channel-4668, wasm.neutron1atj2yz94k8l94yp7rwfm7uk4qjtcr3srfkk6d5jg0css6dx8utrqwtxjj6
injective-1, 07-tendermint-233 (Active), connection-220, channel-252, wasm.inj1rsrefjc7xnl6d6fm6avl706nu5y6nkpxffyevq, neutron-1, 07-tendermint-78, connection-58, channel-4669, wasm.neutron1atj2yz94k8l94yp7rwfm7uk4qjtcr3srfkk6d5jg0css6dx8utrqwtxjj6
injective-1, 07-tendermint-233 (Active), connection-220, channel-257, wasm.inj1rsrefjc7xnl6d6fm6avl706nu5y6nkpxffyevq, neutron-1, 07-tendermint-78, connection-58, channel-4667, wasm.neutron1atj2yz94k8l94yp7rwfm7uk4qjtcr3srfkk6d5jg0css6dx8utrqwtxjj6
injective-1, 07-tendermint-233 (Active), connection-220, channel-271, wasm.inj1ac4y7r7ec47jh9re379ejcl942a9c5k6f23yqa, neutron-1, 07-tendermint-78, connection-58, channel-4188, wasm.neutron1565ewvznhrw3t96ztv8gan3ykr7262gjrl4xy449mhgvl5h6gdkq027r4c
injective-1, 07-tendermint-233 (Active), connection-220, channel-276, wasm.inj1rsrefjc7xnl6d6fm6avl706nu5y6nkpxffyevq, neutron-1, 07-tendermint-78, connection-58, channel-4670, wasm.neutron1atj2yz94k8l94yp7rwfm7uk4qjtcr3srfkk6d5jg0css6dx8utrqwtxjj6
injective-1, 07-tendermint-233 (Active), connection-220, channel-288, icahost, neutron-1, 07-tendermint-78, connection-58, channel-4482, icacontroller-neutron14lxhdm6emus9llq7cjktzmx89nmhxztlgec29329q4347ddaw8hsadnr2l
injective-1, 07-tendermint-233 (Active), connection-220, channel-304, wasm.inj1v37vgn6y4knzr9e7uc3u9czxj3dcxug7s5lhzh, neutron-1, 07-tendermint-78, connection-58, channel-4498, wasm.neutron1wpt84q6qsjtlv27vgk0pwg3l7dlueknlxz0xrh7teeut9strqyysrxc5a0
injective-1, 07-tendermint-233 (Active), connection-220, channel-315, wasm.inj193lcenknetk7ugaxpn43kfynz9x224c5rxesdn, neutron-1, 07-tendermint-78, connection-58, channel-4616, wasm.neutron1gf7zyyty00exym9q0mpt2kl7qzznuu94ruguafpx9eveplpv9j6sendvld
injective-1, 07-tendermint-233 (Active), connection-220, channel-320, icahost, neutron-1, 07-tendermint-78, connection-58, channel-4702, icacontroller-neutron17nfy4pdm85fewzlw4m8rv4errk9y82ufqemzfqu7u3u7jsm52v2s4054zu
injective-1, 07-tendermint-233 (Active), connection-220, channel-322, icahost, neutron-1, 07-tendermint-78, connection-58, channel-4706, icacontroller-neutron1c9p8e7pap9jgedv5h39q00ddjk75rz4exx4w72akh9fpnh06pgwq5art6q
injective-1, 07-tendermint-233 (Active), connection-220, channel-323, icahost, neutron-1, 07-tendermint-78, connection-58, channel-4708, icacontroller-neutron1kesnfvfx5j07ycnltc2cwapkhrjv73x46satr2laa2ydtnf73xzq93x7fl
injective-1, 07-tendermint-233 (Active), connection-220, channel-326, icahost, neutron-1, 07-tendermint-78, connection-58, channel-4712, icacontroller-neutron1gherve9yc8th9aum2qrfmk8tghlc52jwl9pvlaa2q6f4rrq4yqequcyu4z
injective-1, 07-tendermint-233 (Active), connection-220, channel-346, wasm.inj1rsrefjc7xnl6d6fm6avl706nu5y6nkpxffyevq, neutron-1, 07-tendermint-78, connection-58, channel-4895, wasm.neutron1atj2yz94k8l94yp7rwfm7uk4qjtcr3srfkk6d5jg0css6dx8utrqwtxjj6
injective-1, 07-tendermint-233 (Active), connection-220, channel-352, wasm.inj1y0wvymlst08z3ey4wflcwfftemlj82mawyz57p, neutron-1, 07-tendermint-78, connection-58, channel-5387, wasm.neutron1pcy54ah2hx3679wdpvcy8z2usqwaqeqxp37k7mvd4fvqahfcfsfszag2sn
injective-1, 07-tendermint-233 (Active), connection-220, channel-365, wasm.inj14xp36v4ctskk9cqz7zwt2n559t7xzfzg8ecmqd, neutron-1, 07-tendermint-78, connection-58, channel-5413, wasm.neutron1mpzduvmfdppjsxn8czmc9f2wd76jqc2qyzf6frnfmwypxhnq7ukqkfw99u
injective-1, 07-tendermint-233 (Active), connection-220, channel-366, wasm.inj1mepyreaqjxx30al2rkgsy26hnge4aujjq8xkjs, neutron-1, 07-tendermint-78, connection-58, channel-5418, wasm.neutron1n3y4k8u8gm200660gd5ws73fkc4nw9mxzms6xu2yups7f54wpypsea6vrs
injective-1, 07-tendermint-233 (Active), connection-220, channel-368, wasm.inj1d0dfhvcdvckru78xdxdjts0ft2w555q8dyhkja, neutron-1, 07-tendermint-78, connection-58, channel-5428, wasm.neutron1m02rcsg7ujmetpjz8lt00wlyqhk8fe7du0fgynl9jj5mmva9ta3q5lksmr
injective-1, 07-tendermint-233 (Active), connection-220, channel-369, wasm.inj1d0dfhvcdvckru78xdxdjts0ft2w555q8dyhkja, neutron-1, 07-tendermint-78, connection-58, channel-5430, wasm.neutron1m02rcsg7ujmetpjz8lt00wlyqhk8fe7du0fgynl9jj5mmva9ta3q5lksmr
injective-1, 07-tendermint-233 (Active), connection-220, channel-370, wasm.inj1d0dfhvcdvckru78xdxdjts0ft2w555q8dyhkja, neutron-1, 07-tendermint-78, connection-58, channel-5429, wasm.neutron1m02rcsg7ujmetpjz8lt00wlyqhk8fe7du0fgynl9jj5mmva9ta3q5lksmr
injective-1, 07-tendermint-233 (Active), connection-220, channel-372, wasm.inj1zksdrv89r5gx0jqa0sp98wxy2jyjfax7zv0f4x, neutron-1, 07-tendermint-78, connection-58, channel-5550, wasm.neutron13fttcukl6nzrw20sjrsshdtdd8fce0jq6cjtct4cx30yzxc665ds6jrmen
injective-1, 07-tendermint-233 (Active), connection-220, channel-377, wasm.inj1k0d93x5qe73vp20n0szgrf3ejsaum8x9rzgzz8, neutron-1, 07-tendermint-78, connection-58, channel-7000, wasm.neutron15el3g0txdhztfug2mhwammusvxts4g5qmtan2fjl56vnq0r4m74s4c0puz
injective-1, 07-tendermint-233 (Active), connection-220, channel-378, wasm.inj1k0d93x5qe73vp20n0szgrf3ejsaum8x9rzgzz8, neutron-1, 07-tendermint-78, connection-58, channel-5725, wasm.neutron15el3g0txdhztfug2mhwammusvxts4g5qmtan2fjl56vnq0r4m74s4c0puz
injective-1, 07-tendermint-233 (Active), connection-220, channel-380, wasm.inj1mth9mtsnjnzwa0sw2t7ux4erju6an8llh50nyj, neutron-1, 07-tendermint-78, connection-58, channel-5822, wasm.neutron1x4qg2wlfa75uehamxq8fzvsvysptcf9g62nqc4z6anuduf7udlpshathwt
injective-1, 07-tendermint-233 (Active), connection-220, channel-382, wasm.inj1yuvz0hu4demfpfsyr7avuhwampeqlaju2p8kdu, neutron-1, 07-tendermint-78, connection-58, channel-5843, wasm.neutron1cek8qwzj7wcem7646mru7fgj9vtf8r2lr3u9a8qcmmpntk8r5yls4985z2
injective-1, 07-tendermint-233 (Active), connection-220, channel-386, icahost, neutron-1, 07-tendermint-78, connection-58, channel-5860, icacontroller-neutron1w7f40hgfc505a2wnjsl5pg35yl8qpawv48w5yekax4xj2m43j09s5fa44f
injective-1, 07-tendermint-233 (Active), connection-220, channel-389, wasm.inj1znpxn5fg9u0rupgwu7lc3nk9ar6kru6keqer5z, neutron-1, 07-tendermint-78, connection-58, channel-6999, wasm.neutron1srxqklcf69tgzsc76fya83xenn6tngzjx7eewrvgr3w5g7ghy2cq03awmf
injective-1, 07-tendermint-233 (Active), connection-220, channel-390, wasm.inj1znpxn5fg9u0rupgwu7lc3nk9ar6kru6keqer5z, neutron-1, 07-tendermint-78, connection-58, channel-5906, wasm.neutron1srxqklcf69tgzsc76fya83xenn6tngzjx7eewrvgr3w5g7ghy2cq03awmf
injective-1, 07-tendermint-233 (Active), connection-220, channel-392, wasm.inj1vjg4akc529zzl8qdzmm0yanq8nt9xl5jwuhv2f, neutron-1, 07-tendermint-78, connection-58, channel-6221, wasm.neutron1jqk87ra6q6rek6d4z74neqe0e0m85khfmwn5fuefz75df75qf4fs3xuj4q
injective-1, 07-tendermint-240 (Expired), connection-230, channel-178, transfer, pacific-1, 07-tendermint-60, connection-89, channel-51, transfer
injective-1, 07-tendermint-240 (Expired), connection-230, channel-179, transfer, pacific-1, 07-tendermint-60, connection-89, channel-50, transfer
injective-1, 07-tendermint-243 (Active), connection-236, channel-180, transfer, pacific-1, 07-tendermint-64, connection-104, channel-54, transfer
injective-1, 07-tendermint-244 (Expired), connection-238, channel-181, transfer, wormchain, 07-tendermint-15, connection-11, channel-11, transfer
injective-1, 07-tendermint-245 (Expired), connection-239, channel-182, transfer, vota-ash, 07-tendermint-15, connection-9, channel-5, transfer
injective-1, 07-tendermint-248 (Active), connection-241, channel-183, transfer, wormchain, 07-tendermint-18, connection-13, channel-13, transfer
injective-1, 07-tendermint-249 (Active), connection-242, channel-211, transfer, archway-1, 07-tendermint-67, connection-73, channel-102, transfer
injective-1, 07-tendermint-250 (Active), connection-244, channel-213, transfer, andromeda-1, 07-tendermint-16, connection-12, channel-13, transfer
injective-1, 07-tendermint-253 (Active), connection-245, channel-214, transfer, odin-mainnet-freya, 07-tendermint-122, connection-85, channel-65, transfer
injective-1, 07-tendermint-255 (Active), connection-248, channel-217, transfer, carbon-1, 07-tendermint-59, connection-40, channel-37, transfer
injective-1, 07-tendermint-256 (Active), connection-249, channel-258, transfer, dydx-mainnet-1, 07-tendermint-26, connection-30, channel-62, transfer
injective-1, 07-tendermint-257 (Active), connection-250, channel-259, transfer, dymension_1100-1, 07-tendermint-41, connection-32, channel-47, transfer
injective-1, 07-tendermint-259 (Active), connection-252, channel-261, transfer, ssc-1, 07-tendermint-13, connection-12, channel-25, transfer
injective-1, 07-tendermint-260 (Expired), connection-253, channel-273, transfer, lum-network-1, 07-tendermint-25, connection-24, channel-40, transfer
injective-1, 07-tendermint-260 (Expired), connection-253, channel-279, icahost, lum-network-1, 07-tendermint-25, connection-24, channel-41, icacontroller-pool.5.deposit
injective-1, 07-tendermint-260 (Expired), connection-253, channel-281, icahost, lum-network-1, 07-tendermint-25, connection-24, channel-42, icacontroller-pool.5.prizepool
injective-1, 07-tendermint-261 (Expired), connection-254, channel-274, transfer, canto_7700-1, 07-tendermint-42, connection-34, channel-25, transfer
injective-1, 07-tendermint-263 (Expired), connection-260, channel-275, transfer, canto_7700-1, 07-tendermint-44, connection-36, channel-26, transfer
injective-1, 07-tendermint-264 (Expired), connection-265, channel-277, wasm.inj1rkulf9067gx6ntcrmymd008hwwmuahgum7udzv, stargaze-1, 07-tendermint-361, connection-299, channel-320, wasm.stars1r0a8ygvnjfaegy4n5z9325e0ew9uy2s7rn4vt7qf4ltv49fj4tnsk6pvtv
injective-1, 07-tendermint-265 (Expired), connection-266, channel-278, wasm.inj1rkulf9067gx6ntcrmymd008hwwmuahgum7udzv, juno-1, 07-tendermint-554, connection-523, channel-541, wasm.juno1kc0lcysppht7s8xl263q208u2t7epw5h3zvhyscsxjlz560yysmsrd8ydt
injective-1, 07-tendermint-265 (Expired), connection-266, channel-282, wasm.inj193lcenknetk7ugaxpn43kfynz9x224c5rxesdn, juno-1, 07-tendermint-554, connection-523, channel-543, wasm.juno1kc0lcysppht7s8xl263q208u2t7epw5h3zvhyscsxjlz560yysmsrd8ydt
injective-1, 07-tendermint-266 (Active), connection-267, channel-283, transfer, fetchhub-4, 07-tendermint-81, connection-57, channel-33, transfer
injective-1, 07-tendermint-267 (Active), connection-268, channel-284, transfer, pryzm-1, 07-tendermint-1, connection-1, channel-1, transfer
injective-1, 07-tendermint-267 (Active), connection-268, channel-285, icahost, pryzm-1, 07-tendermint-1, connection-1, channel-10, icacontroller-delegation-inj
injective-1, 07-tendermint-267 (Active), connection-268, channel-286, icahost, pryzm-1, 07-tendermint-1, connection-1, channel-11, icacontroller-reward-inj
injective-1, 07-tendermint-267 (Active), connection-268, channel-287, icahost, pryzm-1, 07-tendermint-1, connection-1, channel-12, icacontroller-sweep-inj
injective-1, 07-tendermint-268 (Active), connection-270, channel-310, wasm.inj147yyg4ccmpwjut9e8marlmupx6myw8lj2wg4gn, stargaze-1, 07-tendermint-362, connection-301, channel-331, wasm.stars1fgdeujlyhymvh2malsdeckcjc9zfar8qc4rw77m4eldxmg4xly7s2n828w
injective-1, 07-tendermint-270 (Expired), connection-272, channel-314, wasm.inj193lcenknetk7ugaxpn43kfynz9x224c5rxesdn, migaloo-1, 07-tendermint-126, connection-96, channel-125, wasm.migaloo1hz9j0mn657vd09q2cstvvg8p07xctsn4e40d5zhw8nryw63hd6lqlcjmye
injective-1, 07-tendermint-271 (Expired), connection-273, channel-318, wasm.inj193lcenknetk7ugaxpn43kfynz9x224c5rxesdn, stargaze-1, 07-tendermint-363, connection-302, channel-348, wasm.stars1r0a8ygvnjfaegy4n5z9325e0ew9uy2s7rn4vt7qf4ltv49fj4tnsk6pvtv
injective-1, 07-tendermint-272 (Expired), connection-274, channel-319, wasm.inj193lcenknetk7ugaxpn43kfynz9x224c5rxesdn, juno-1, 07-tendermint-559, connection-525, channel-576, wasm.juno1kc0lcysppht7s8xl263q208u2t7epw5h3zvhyscsxjlz560yysmsrd8ydt
injective-1, 07-tendermint-273 (Expired), connection-275, channel-339, wasm.inj193lcenknetk7ugaxpn43kfynz9x224c5rxesdn, stargaze-1, 07-tendermint-365, connection-306, channel-372, wasm.stars1r0a8ygvnjfaegy4n5z9325e0ew9uy2s7rn4vt7qf4ltv49fj4tnsk6pvtv
injective-1, 07-tendermint-274 (Expired), connection-276, channel-340, wasm.inj193lcenknetk7ugaxpn43kfynz9x224c5rxesdn, juno-1, 07-tendermint-565, connection-531, channel-599, wasm.juno1kc0lcysppht7s8xl263q208u2t7epw5h3zvhyscsxjlz560yysmsrd8ydt
injective-1, 07-tendermint-275 (Expired), connection-277, channel-363, transfer, mantra-1, 07-tendermint-2, connection-2, channel-2, transfer
injective-1, 07-tendermint-276 (Expired), connection-279, channel-374, transfer, luwak-1, 07-tendermint-1, connection-3, channel-1, transfer
injective-1, 07-tendermint-277 (Expired), connection-280, channel-375, transfer, luwak-1, 07-tendermint-0, connection-1, channel-0, transfer
injective-1, 07-tendermint-278 (Active), connection-281, channel-376, transfer, luwak-1, 07-tendermint-1, connection-1, channel-1, transfer
injective-1, 07-tendermint-279 (Active), connection-282, channel-387, transfer, xion-mainnet-1, 07-tendermint-4, connection-4, channel-4, transfer
injective-1, 07-tendermint-281 (Expired), connection-284, channel-388, transfer, columbus-5, 07-tendermint-272, connection-162, channel-111, transfer
injective-1, 07-tendermint-282 (Active), connection-286, channel-394, transfer, quicksilver-2, 07-tendermint-105, connection-68, channel-234, transfer
injective-1, 07-tendermint-282 (Active), connection-286, channel-403, icahost, quicksilver-2, 07-tendermint-105, connection-68, channel-235, icacontroller-injective-1.deposit
injective-1, 07-tendermint-282 (Active), connection-286, channel-404, icahost, quicksilver-2, 07-tendermint-105, connection-68, channel-236, icacontroller-injective-1.withdrawal
injective-1, 07-tendermint-282 (Active), connection-286, channel-405, icahost, quicksilver-2, 07-tendermint-105, connection-68, channel-237, icacontroller-injective-1.performance
injective-1, 07-tendermint-282 (Active), connection-286, channel-406, icahost, quicksilver-2, 07-tendermint-105, connection-68, channel-238, icacontroller-injective-1.delegate
injective-1, 07-tendermint-288 (Expired), connection-292, channel-417, wasm.inj1vjg4akc529zzl8qdzmm0yanq8nt9xl5jwuhv2f, juno-1, 07-tendermint-576, connection-539, channel-641, wasm.juno1vyen44wkx4ft56499tvz50txvnrqqyj7qpumc24zh6vlzaee37nscnqmaz
injective-1, 07-tendermint-288 (Expired), connection-292, channel-418, wasm.inj193lcenknetk7ugaxpn43kfynz9x224c5rxesdn, juno-1, 07-tendermint-576, connection-539, channel-642, wasm.juno1kc0lcysppht7s8xl263q208u2t7epw5h3zvhyscsxjlz560yysmsrd8ydt
injective-1, 07-tendermint-289 (Expired), connection-293, channel-420, wasm.inj1vjg4akc529zzl8qdzmm0yanq8nt9xl5jwuhv2f, stargaze-1, 07-tendermint-373, connection-333, channel-436, wasm.stars1gln6zvenvpce50pcjjc3e5zfsaqlqu2ca6rhqncufjjr2aswmp2slx8mfh
injective-1, 07-tendermint-290 (Active), connection-294, channel-421, transfer, elys-1, 07-tendermint-13, connection-13, channel-10, transfer
injective-1, 07-tendermint-292 (Active), connection-298, channel-428, transfer, luwak-1, 07-tendermint-11, connection-41, channel-13, transfer
injective-1, 07-tendermint-293 (Expired), connection-299, channel-429, transfer, sidechain-1, 07-tendermint-17, connection-5, channel-4, transfer
injective-1, 07-tendermint-295 (Expired), connection-300, channel-430, transfer, coreum-mainnet-1, 07-tendermint-51, connection-35, channel-33, transfer
injective-1, 07-tendermint-298 (Active), connection-301, channel-431, transfer, sidechain-1, 07-tendermint-24, connection-10, channel-9, transfer
injective-1, 07-tendermint-301 (Active), connection-309, channel-432, transfer, celestia, 07-tendermint-127, connection-82, channel-91, transfer
injective-1, 07-tendermint-307 (Active), connection-312, channel-434, transfer, penumbra-1, 07-tendermint-20, connection-16, channel-15, transfer
injective-1, 07-tendermint-308 (Active), connection-313, channel-435, transfer, sidechain-1, 07-tendermint-26, connection-12, channel-11, transfer
